{"cameraMode":{"drawMode":0,"name":"Shaded","section":"Shading Mode"},"sceneLighting":true,"audioPlay":false,"sceneViewState":{"m_AlwaysRefresh":false,"showFog":true,"showSkybox":true,"showFlares":true,"showImageEffects":true,"showParticleSystems":true,"showVisualEffectGraphs":true,"m_FxEnabled":true},"in2DMode":false,"pivot":{"x":0.7752895355224609,"y":-14.800468444824219,"z":5.795807838439941},"rotation":{"x":0.34613239765167239,"y":0.15794387459754945,"z":-0.05924564227461815,"w":0.9229150414466858},"size":5.750424385070801,"orthographic":false}